"id","created_at","updated_at","editedrecord","review","internal_notes","created_by_id","updated_by_id","name","number","description","hastype_id","parent_id","lft","rght","tree_id","level"
527,"2011-10-03 12:14:54","2011-10-03 12:14:54",0,0,"",NULL,NULL,"1",NULL,"",1,NULL,1,14,1,0
528,"2011-10-03 12:14:54","2011-10-03 12:14:54",0,0,"",NULL,NULL,"1.1",NULL,"",1,527,6,13,1,1
529,"2011-10-03 12:14:54","2011-10-03 12:14:54",0,0,"",NULL,NULL,"1.11",NULL,"",1,528,11,12,1,2
530,"2011-10-03 12:14:54","2011-10-03 12:14:54",0,0,"",NULL,NULL,"1.12",NULL,"",1,528,9,10,1,2
531,"2011-10-03 12:14:54","2011-10-03 12:14:54",0,0,"",NULL,NULL,"1.13",NULL,"",1,528,7,8,1,2
532,"2011-10-03 12:14:54","2011-10-03 12:14:54",0,0,"",NULL,NULL,"1.2",NULL,"",1,527,2,5,1,1
533,"2011-10-03 12:14:54","2011-10-03 12:14:54",0,0,"",NULL,NULL,"1.21",NULL,"",1,532,3,4,1,2
534,"2011-10-03 12:14:54","2011-10-03 12:14:54",0,0,"",NULL,NULL,"2",NULL,"",1,NULL,1,158,8,0
535,"2011-10-03 12:14:54","2011-10-03 13:55:48",0,0,"",NULL,NULL,"2.01",NULL,"",1,534,134,157,8,1
536,"2011-10-03 12:14:54","2011-10-03 12:14:54",0,0,"",NULL,NULL,"2.011",NULL,"",1,535,155,156,8,2
537,"2011-10-03 12:14:54","2011-10-03 12:14:54",0,0,"",NULL,NULL,"2.012",NULL,"",1,535,143,154,8,2
538,"2011-10-03 12:14:54","2011-10-03 12:14:54",0,0,"",NULL,NULL,"2.0121",NULL,"",1,537,152,153,8,3
539,"2011-10-03 12:14:54","2011-10-03 12:14:54",0,0,"",NULL,NULL,"2.0122",NULL,"",1,537,150,151,8,3
540,"2011-10-03 12:14:54","2011-10-03 12:14:54",0,0,"",NULL,NULL,"2.0123",NULL,"",1,537,146,149,8,3
541,"2011-10-03 12:14:54","2011-10-03 12:14:54",0,0,"",NULL,NULL,"2.01231",NULL,"",1,540,147,148,8,4
542,"2011-10-03 12:14:54","2011-10-03 12:14:54",0,0,"",NULL,NULL,"2.0124",NULL,"",1,537,144,145,8,3
543,"2011-10-03 12:14:54","2011-10-03 12:14:54",0,0,"",NULL,NULL,"2.013",NULL,"",1,535,139,142,8,2
544,"2011-10-03 12:14:55","2011-10-03 12:14:55",0,0,"",NULL,NULL,"2.0131",NULL,"",1,543,140,141,8,3
545,"2011-10-03 12:14:55","2011-10-03 12:14:55",0,0,"",NULL,NULL,"2.014",NULL,"",1,535,135,138,8,2
546,"2011-10-03 12:14:55","2011-10-03 12:14:55",0,0,"",NULL,NULL,"2.0141",NULL,"",1,545,136,137,8,3
547,"2011-10-03 12:14:55","2011-10-03 13:55:49",0,0,"",NULL,NULL,"2.02",NULL,"",1,534,98,133,8,1
548,"2011-10-03 12:14:55","2011-10-03 13:55:49",0,0,"",NULL,NULL,"2.0201",NULL,"",1,547,131,132,8,2
549,"2011-10-03 12:14:55","2011-10-03 12:14:55",0,0,"",NULL,NULL,"2.021",NULL,"",1,547,125,130,8,2
550,"2011-10-03 12:14:55","2011-10-03 12:14:55",0,0,"",NULL,NULL,"2.0211",NULL,"",1,549,128,129,8,3
551,"2011-10-03 12:14:55","2011-10-03 12:14:55",0,0,"",NULL,NULL,"2.0212",NULL,"",1,549,126,127,8,3
552,"2011-10-03 12:14:55","2011-10-03 12:14:55",0,0,"",NULL,NULL,"2.022",NULL,"",1,547,123,124,8,2
553,"2011-10-03 12:14:55","2011-10-03 12:14:55",0,0,"",NULL,NULL,"2.023",NULL,"",1,547,113,122,8,2
554,"2011-10-03 12:14:55","2011-10-03 12:14:55",0,0,"",NULL,NULL,"2.0231",NULL,"",1,553,120,121,8,3
555,"2011-10-03 12:14:55","2011-10-03 12:14:55",0,0,"",NULL,NULL,"2.0232",NULL,"",1,553,118,119,8,3
556,"2011-10-03 12:14:55","2011-10-03 12:14:55",0,0,"",NULL,NULL,"2.0233",NULL,"",1,553,114,117,8,3
557,"2011-10-03 12:14:55","2011-10-03 12:14:55",0,0,"",NULL,NULL,"2.02331",NULL,"",1,556,115,116,8,4
558,"2011-10-03 12:14:55","2011-10-03 12:14:55",0,0,"",NULL,NULL,"2.024",NULL,"",1,547,111,112,8,2
559,"2011-10-03 12:14:55","2011-10-03 12:14:55",0,0,"",NULL,NULL,"2.025",NULL,"",1,547,107,110,8,2
560,"2011-10-03 12:14:55","2011-10-03 12:14:55",0,0,"",NULL,NULL,"2.0251",NULL,"",1,559,108,109,8,3
561,"2011-10-03 12:14:55","2011-10-03 12:14:55",0,0,"",NULL,NULL,"2.026",NULL,"",1,547,105,106,8,2
562,"2011-10-03 12:14:55","2011-10-03 12:14:55",0,0,"",NULL,NULL,"2.027",NULL,"",1,547,99,104,8,2
563,"2011-10-03 12:14:55","2011-10-03 12:14:55",0,0,"",NULL,NULL,"2.0271",NULL,"",1,562,102,103,8,3
564,"2011-10-03 12:14:55","2011-10-03 12:14:55",0,0,"",NULL,NULL,"2.0272",NULL,"",1,562,100,101,8,3
565,"2011-10-03 12:14:55","2011-10-03 13:55:49",0,0,"",NULL,NULL,"2.03",NULL,"",1,534,88,97,8,1
566,"2011-10-03 12:14:55","2011-10-03 12:14:55",0,0,"",NULL,NULL,"2.031",NULL,"",1,565,95,96,8,2
567,"2011-10-03 12:14:55","2011-10-03 12:14:55",0,0,"",NULL,NULL,"2.032",NULL,"",1,565,93,94,8,2
568,"2011-10-03 12:14:55","2011-10-03 12:14:55",0,0,"",NULL,NULL,"2.033",NULL,"",1,565,91,92,8,2
569,"2011-10-03 12:14:55","2011-10-03 12:14:55",0,0,"",NULL,NULL,"2.034",NULL,"",1,565,89,90,8,2
570,"2011-10-03 12:14:55","2011-10-03 13:55:49",0,0,"",NULL,NULL,"2.04",NULL,"",1,534,86,87,8,1
571,"2011-10-03 12:14:55","2011-10-03 13:55:49",0,0,"",NULL,NULL,"2.05",NULL,"",1,534,84,85,8,1
572,"2011-10-03 12:14:55","2011-10-03 13:55:49",0,0,"",NULL,NULL,"2.06",NULL,"",1,534,76,83,8,1
573,"2011-10-03 12:14:55","2011-10-03 12:14:55",0,0,"",NULL,NULL,"2.061",NULL,"",1,572,81,82,8,2
574,"2011-10-03 12:14:55","2011-10-03 12:14:55",0,0,"",NULL,NULL,"2.062",NULL,"",1,572,79,80,8,2
575,"2011-10-03 12:14:55","2011-10-03 12:14:55",0,0,"",NULL,NULL,"2.063",NULL,"",1,572,77,78,8,2
576,"2011-10-03 12:14:55","2011-10-03 12:14:55",0,0,"",NULL,NULL,"2.1",NULL,"",1,534,24,75,8,1
577,"2011-10-03 12:14:55","2011-10-03 12:14:55",0,0,"",NULL,NULL,"2.11",NULL,"",1,576,73,74,8,2
578,"2011-10-03 12:14:55","2011-10-03 12:14:55",0,0,"",NULL,NULL,"2.12",NULL,"",1,576,71,72,8,2
579,"2011-10-03 12:14:55","2011-10-03 12:14:55",0,0,"",NULL,NULL,"2.13",NULL,"",1,576,67,70,8,2
580,"2011-10-03 12:14:55","2011-10-03 12:14:55",0,0,"",NULL,NULL,"2.131",NULL,"",1,579,68,69,8,3
581,"2011-10-03 12:14:55","2011-10-03 12:14:55",0,0,"",NULL,NULL,"2.14",NULL,"",1,576,63,66,8,2
582,"2011-10-03 12:14:55","2011-10-03 12:14:55",0,0,"",NULL,NULL,"2.141",NULL,"",1,581,64,65,8,3
583,"2011-10-03 12:14:55","2011-10-03 12:14:55",0,0,"",NULL,NULL,"2.15",NULL,"",1,576,47,62,8,2
584,"2011-10-03 12:14:55","2011-10-03 12:14:55",0,0,"",NULL,NULL,"2.151",NULL,"",1,583,48,61,8,3
585,"2011-10-03 12:14:55","2011-10-03 12:14:55",0,0,"",NULL,NULL,"2.1511",NULL,"",1,584,59,60,8,4
586,"2011-10-03 12:14:55","2011-10-03 12:14:55",0,0,"",NULL,NULL,"2.1512",NULL,"",1,584,55,58,8,4
587,"2011-10-03 12:14:55","2011-10-03 12:14:55",0,0,"",NULL,NULL,"2.15121",NULL,"",1,586,56,57,8,5
588,"2011-10-03 12:14:55","2011-10-03 12:14:55",0,0,"",NULL,NULL,"2.1513",NULL,"",1,584,53,54,8,4
589,"2011-10-03 12:14:55","2011-10-03 12:14:55",0,0,"",NULL,NULL,"2.1514",NULL,"",1,584,51,52,8,4
590,"2011-10-03 12:14:55","2011-10-03 12:14:55",0,0,"",NULL,NULL,"2.1515",NULL,"",1,584,49,50,8,4
591,"2011-10-03 12:14:55","2011-10-03 12:14:55",0,0,"",NULL,NULL,"2.16",NULL,"",1,576,43,46,8,2
592,"2011-10-03 12:14:55","2011-10-03 12:14:55",0,0,"",NULL,NULL,"2.161",NULL,"",1,591,44,45,8,3
593,"2011-10-03 12:14:55","2011-10-03 12:14:55",0,0,"",NULL,NULL,"2.17",NULL,"",1,576,33,42,8,2
594,"2011-10-03 12:14:55","2011-10-03 12:14:55",0,0,"",NULL,NULL,"2.171",NULL,"",1,593,40,41,8,3
595,"2011-10-03 12:14:55","2011-10-03 12:14:55",0,0,"",NULL,NULL,"2.172",NULL,"",1,593,38,39,8,3
596,"2011-10-03 12:14:55","2011-10-03 12:14:55",0,0,"",NULL,NULL,"2.173",NULL,"",1,593,36,37,8,3
597,"2011-10-03 12:14:56","2011-10-03 12:14:56",0,0,"",NULL,NULL,"2.174",NULL,"",1,593,34,35,8,3
598,"2011-10-03 12:14:56","2011-10-03 12:14:56",0,0,"",NULL,NULL,"2.18",NULL,"",1,576,27,32,8,2
599,"2011-10-03 12:14:56","2011-10-03 12:14:56",0,0,"",NULL,NULL,"2.181",NULL,"",1,598,30,31,8,3
600,"2011-10-03 12:14:56","2011-10-03 12:14:56",0,0,"",NULL,NULL,"2.182",NULL,"",1,598,28,29,8,3
601,"2011-10-03 12:14:56","2011-10-03 12:14:56",0,0,"",NULL,NULL,"2.19",NULL,"",1,576,25,26,8,2
602,"2011-10-03 12:14:56","2011-10-03 12:14:56",0,0,"",NULL,NULL,"2.2",NULL,"",1,534,2,23,8,1
603,"2011-10-03 12:14:56","2011-10-03 13:55:49",0,0,"",NULL,NULL,"2.201",NULL,"",1,602,21,22,8,2
604,"2011-10-03 12:14:56","2011-10-03 13:55:49",0,0,"",NULL,NULL,"2.202",NULL,"",1,602,19,20,8,2
605,"2011-10-03 12:14:56","2011-10-03 13:55:49",0,0,"",NULL,NULL,"2.203",NULL,"",1,602,17,18,8,2
606,"2011-10-03 12:14:56","2011-10-03 12:14:56",0,0,"",NULL,NULL,"2.21",NULL,"",1,602,15,16,8,2
607,"2011-10-03 12:14:56","2011-10-03 12:14:56",0,0,"",NULL,NULL,"2.22",NULL,"",1,602,3,14,8,2
608,"2011-10-03 12:14:56","2011-10-03 12:14:56",0,0,"",NULL,NULL,"2.221",NULL,"",1,607,12,13,8,3
609,"2011-10-03 12:14:56","2011-10-03 12:14:56",0,0,"",NULL,NULL,"2.222",NULL,"",1,607,10,11,8,3
610,"2011-10-03 12:14:56","2011-10-03 12:14:56",0,0,"",NULL,NULL,"2.223",NULL,"",1,607,8,9,8,3
611,"2011-10-03 12:14:56","2011-10-03 12:14:56",0,0,"",NULL,NULL,"2.224",NULL,"",1,607,6,7,8,3
612,"2011-10-03 12:14:56","2011-10-03 12:14:56",0,0,"",NULL,NULL,"2.225",NULL,"",1,607,4,5,8,3
613,"2011-10-03 12:14:56","2011-10-03 12:14:56",0,0,"",NULL,NULL,"3",NULL,"",1,NULL,1,148,87,0
614,"2011-10-03 12:14:56","2011-10-03 13:55:49",0,0,"",NULL,NULL,"3.001",NULL,"",1,613,146,147,87,1
615,"2011-10-03 12:14:56","2011-10-03 13:55:49",0,0,"",NULL,NULL,"3.01",NULL,"",1,613,144,145,87,1
616,"2011-10-03 12:14:56","2011-10-03 13:55:49",0,0,"",NULL,NULL,"3.02",NULL,"",1,613,142,143,87,1
617,"2011-10-03 12:14:56","2011-10-03 13:55:49",0,0,"",NULL,NULL,"3.03",NULL,"",1,613,134,141,87,1
618,"2011-10-03 12:14:56","2011-10-03 12:14:56",0,0,"",NULL,NULL,"3.031",NULL,"",1,617,139,140,87,2
619,"2011-10-03 12:14:56","2011-10-03 12:14:56",0,0,"",NULL,NULL,"3.032",NULL,"",1,617,135,138,87,2
620,"2011-10-03 12:14:56","2011-10-03 12:14:56",0,0,"",NULL,NULL,"3.0321",NULL,"",1,619,136,137,87,3
621,"2011-10-03 12:14:56","2011-10-03 13:55:49",0,0,"",NULL,NULL,"3.04",NULL,"",1,613,132,133,87,1
622,"2011-10-03 12:14:56","2011-10-03 13:55:49",0,0,"",NULL,NULL,"3.05",NULL,"",1,613,130,131,87,1
623,"2011-10-03 12:14:56","2011-10-03 12:14:56",0,0,"",NULL,NULL,"3.1",NULL,"",1,613,108,129,87,1
624,"2011-10-03 12:14:56","2011-10-03 12:14:56",0,0,"",NULL,NULL,"3.11",NULL,"",1,623,127,128,87,2
625,"2011-10-03 12:14:56","2011-10-03 12:14:56",0,0,"",NULL,NULL,"3.12",NULL,"",1,623,125,126,87,2
626,"2011-10-03 12:14:56","2011-10-03 12:14:56",0,0,"",NULL,NULL,"3.13",NULL,"",1,623,123,124,87,2
627,"2011-10-03 12:14:56","2011-10-03 12:14:56",0,0,"",NULL,NULL,"3.14",NULL,"",1,623,109,122,87,2
628,"2011-10-03 12:14:56","2011-10-03 12:14:56",0,0,"",NULL,NULL,"3.141",NULL,"",1,627,120,121,87,3
629,"2011-10-03 12:14:56","2011-10-03 12:14:56",0,0,"",NULL,NULL,"3.142",NULL,"",1,627,118,119,87,3
630,"2011-10-03 12:14:56","2011-10-03 12:14:56",0,0,"",NULL,NULL,"3.143",NULL,"",1,627,112,117,87,3
631,"2011-10-03 12:14:56","2011-10-03 12:14:56",0,0,"",NULL,NULL,"3.1431",NULL,"",1,630,115,116,87,4
632,"2011-10-03 12:14:56","2011-10-03 12:14:56",0,0,"",NULL,NULL,"3.1432",NULL,"",1,630,113,114,87,4
633,"2011-10-03 12:14:56","2011-10-03 12:14:56",0,0,"",NULL,NULL,"3.144",NULL,"",1,627,110,111,87,3
634,"2011-10-03 12:14:56","2011-10-03 12:14:56",0,0,"",NULL,NULL,"3.2",NULL,"",1,613,78,107,87,1
635,"2011-10-03 12:14:56","2011-10-03 13:55:49",0,0,"",NULL,NULL,"3.201",NULL,"",1,634,105,106,87,2
636,"2011-10-03 12:14:56","2011-10-03 13:55:49",0,0,"",NULL,NULL,"3.202",NULL,"",1,634,103,104,87,2
637,"2011-10-03 12:14:56","2011-10-03 13:55:49",0,0,"",NULL,NULL,"3.203",NULL,"",1,634,101,102,87,2
638,"2011-10-03 12:14:56","2011-10-03 12:14:56",0,0,"",NULL,NULL,"3.21",NULL,"",1,634,99,100,87,2
639,"2011-10-03 12:14:56","2011-10-03 12:14:56",0,0,"",NULL,NULL,"3.22",NULL,"",1,634,95,98,87,2
640,"2011-10-03 12:14:56","2011-10-03 12:14:56",0,0,"",NULL,NULL,"3.221",NULL,"",1,639,96,97,87,3
641,"2011-10-03 12:14:56","2011-10-03 12:14:56",0,0,"",NULL,NULL,"3.23",NULL,"",1,634,93,94,87,2
642,"2011-10-03 12:14:56","2011-10-03 12:14:56",0,0,"",NULL,NULL,"3.24",NULL,"",1,634,91,92,87,2
643,"2011-10-03 12:14:56","2011-10-03 12:14:56",0,0,"",NULL,NULL,"3.25",NULL,"",1,634,87,90,87,2
644,"2011-10-03 12:14:56","2011-10-03 12:14:56",0,0,"",NULL,NULL,"3.251",NULL,"",1,643,88,89,87,3
645,"2011-10-03 12:14:56","2011-10-03 12:14:56",0,0,"",NULL,NULL,"3.26",NULL,"",1,634,79,86,87,2
646,"2011-10-03 12:14:56","2011-10-03 12:14:56",0,0,"",NULL,NULL,"3.261",NULL,"",1,645,84,85,87,3
647,"2011-10-03 12:14:56","2011-10-03 12:14:56",0,0,"",NULL,NULL,"3.262",NULL,"",1,645,82,83,87,3
648,"2011-10-03 12:14:56","2011-10-03 12:14:56",0,0,"",NULL,NULL,"3.263",NULL,"",1,645,80,81,87,3
649,"2011-10-03 12:14:56","2011-10-03 12:14:56",0,0,"",NULL,NULL,"3.3",NULL,"",1,613,12,77,87,1
650,"2011-10-03 12:14:56","2011-10-03 12:14:56",0,0,"",NULL,NULL,"3.31",NULL,"",1,649,59,76,87,2
651,"2011-10-03 12:14:57","2011-10-03 12:14:57",0,0,"",NULL,NULL,"3.311",NULL,"",1,650,74,75,87,3
652,"2011-10-03 12:14:57","2011-10-03 12:14:57",0,0,"",NULL,NULL,"3.312",NULL,"",1,650,72,73,87,3
653,"2011-10-03 12:14:57","2011-10-03 12:14:57",0,0,"",NULL,NULL,"3.313",NULL,"",1,650,70,71,87,3
654,"2011-10-03 12:14:57","2011-10-03 12:14:57",0,0,"",NULL,NULL,"3.314",NULL,"",1,650,68,69,87,3
655,"2011-10-03 12:14:57","2011-10-03 12:14:57",0,0,"",NULL,NULL,"3.315",NULL,"",1,650,66,67,87,3
656,"2011-10-03 12:14:57","2011-10-03 12:14:57",0,0,"",NULL,NULL,"3.316",NULL,"",1,650,64,65,87,3
657,"2011-10-03 12:14:57","2011-10-03 12:14:57",0,0,"",NULL,NULL,"3.317",NULL,"",1,650,62,63,87,3
658,"2011-10-03 12:14:57","2011-10-03 12:14:57",0,0,"",NULL,NULL,"3.318",NULL,"",1,650,60,61,87,3
659,"2011-10-03 12:14:57","2011-10-03 12:14:57",0,0,"",NULL,NULL,"3.32",NULL,"",1,649,41,58,87,2
660,"2011-10-03 12:14:57","2011-10-03 12:14:57",0,0,"",NULL,NULL,"3.321",NULL,"",1,659,56,57,87,3
661,"2011-10-03 12:14:57","2011-10-03 12:14:57",0,0,"",NULL,NULL,"3.322",NULL,"",1,659,54,55,87,3
662,"2011-10-03 12:14:57","2011-10-03 12:14:57",0,0,"",NULL,NULL,"3.323",NULL,"",1,659,52,53,87,3
663,"2011-10-03 12:14:57","2011-10-03 12:14:57",0,0,"",NULL,NULL,"3.324",NULL,"",1,659,50,51,87,3
664,"2011-10-03 12:14:57","2011-10-03 12:14:57",0,0,"",NULL,NULL,"3.325",NULL,"",1,659,48,49,87,3
665,"2011-10-03 12:14:57","2011-10-03 12:14:57",0,0,"",NULL,NULL,"3.326",NULL,"",1,659,46,47,87,3
666,"2011-10-03 12:14:57","2011-10-03 12:14:57",0,0,"",NULL,NULL,"3.327",NULL,"",1,659,44,45,87,3
667,"2011-10-03 12:14:57","2011-10-03 12:14:57",0,0,"",NULL,NULL,"3.328",NULL,"",1,659,42,43,87,3
668,"2011-10-03 12:14:57","2011-10-03 12:14:57",0,0,"",NULL,NULL,"3.33",NULL,"",1,649,31,40,87,2
669,"2011-10-03 12:14:57","2011-10-03 12:14:57",0,0,"",NULL,NULL,"3.331",NULL,"",1,668,38,39,87,3
670,"2011-10-03 12:14:57","2011-10-03 12:14:57",0,0,"",NULL,NULL,"3.332",NULL,"",1,668,36,37,87,3
671,"2011-10-03 12:14:57","2011-10-03 12:14:57",0,0,"",NULL,NULL,"3.333",NULL,"",1,668,34,35,87,3
672,"2011-10-03 12:14:57","2011-10-03 12:14:57",0,0,"",NULL,NULL,"3.334",NULL,"",1,668,32,33,87,3
673,"2011-10-03 12:14:57","2011-10-03 12:14:57",0,0,"",NULL,NULL,"3.34",NULL,"",1,649,13,30,87,2
674,"2011-10-03 12:14:57","2011-10-03 12:14:57",0,0,"",NULL,NULL,"3.341",NULL,"",1,673,26,29,87,3
675,"2011-10-03 12:14:57","2011-10-03 12:14:57",0,0,"",NULL,NULL,"3.3411",NULL,"",1,674,27,28,87,4
676,"2011-10-03 12:14:57","2011-10-03 12:14:57",0,0,"",NULL,NULL,"3.342",NULL,"",1,673,22,25,87,3
677,"2011-10-03 12:14:57","2011-10-03 12:14:57",0,0,"",NULL,NULL,"3.3421",NULL,"",1,676,23,24,87,4
678,"2011-10-03 12:14:57","2011-10-03 12:14:57",0,0,"",NULL,NULL,"3.343",NULL,"",1,673,20,21,87,3
679,"2011-10-03 12:14:57","2011-10-03 12:14:57",0,0,"",NULL,NULL,"3.344",NULL,"",1,673,14,19,87,3
680,"2011-10-03 12:14:57","2011-10-03 12:14:57",0,0,"",NULL,NULL,"3.3441",NULL,"",1,679,17,18,87,4
681,"2011-10-03 12:14:57","2011-10-03 12:14:57",0,0,"",NULL,NULL,"3.3442",NULL,"",1,679,15,16,87,4
682,"2011-10-03 12:14:57","2011-10-03 12:14:57",0,0,"",NULL,NULL,"3.4",NULL,"",1,613,4,11,87,1
683,"2011-10-03 12:14:57","2011-10-03 12:14:57",0,0,"",NULL,NULL,"3.41",NULL,"",1,682,7,10,87,2
684,"2011-10-03 12:14:57","2011-10-03 12:14:57",0,0,"",NULL,NULL,"3.411",NULL,"",1,683,8,9,87,3
685,"2011-10-03 12:14:57","2011-10-03 12:14:57",0,0,"",NULL,NULL,"3.42",NULL,"",1,682,5,6,87,2
686,"2011-10-03 12:14:57","2011-10-03 12:14:57",0,0,"",NULL,NULL,"3.5",NULL,"",1,613,2,3,87,1
687,"2011-10-03 12:14:57","2011-10-03 12:14:57",0,0,"",NULL,NULL,"4",NULL,"",1,NULL,1,218,161,0
688,"2011-10-03 12:14:57","2011-10-03 13:55:50",0,0,"",NULL,NULL,"4.001",NULL,"",1,687,216,217,161,1
689,"2011-10-03 12:14:57","2011-10-03 13:55:50",0,0,"",NULL,NULL,"4.002",NULL,"",1,687,214,215,161,1
690,"2011-10-03 12:14:57","2011-10-03 13:55:50",0,0,"",NULL,NULL,"4.003",NULL,"",1,687,210,213,161,1
691,"2011-10-03 12:14:57","2011-10-03 12:14:57",0,0,"",NULL,NULL,"4.0031",NULL,"",1,690,211,212,161,2
692,"2011-10-03 12:14:57","2011-10-03 13:55:50",0,0,"",NULL,NULL,"4.01",NULL,"",1,687,194,209,161,1
693,"2011-10-03 12:14:57","2011-10-03 12:14:57",0,0,"",NULL,NULL,"4.011",NULL,"",1,692,207,208,161,2
694,"2011-10-03 12:14:57","2011-10-03 12:14:57",0,0,"",NULL,NULL,"4.012",NULL,"",1,692,205,206,161,2
695,"2011-10-03 12:14:57","2011-10-03 12:14:57",0,0,"",NULL,NULL,"4.013",NULL,"",1,692,203,204,161,2
696,"2011-10-03 12:14:57","2011-10-03 12:14:57",0,0,"",NULL,NULL,"4.014",NULL,"",1,692,199,202,161,2
697,"2011-10-03 12:14:57","2011-10-03 12:14:57",0,0,"",NULL,NULL,"4.0141",NULL,"",1,696,200,201,161,3
698,"2011-10-03 12:14:57","2011-10-03 12:14:57",0,0,"",NULL,NULL,"4.015",NULL,"",1,692,197,198,161,2
699,"2011-10-03 12:14:57","2011-10-03 12:14:57",0,0,"",NULL,NULL,"4.016",NULL,"",1,692,195,196,161,2
700,"2011-10-03 12:14:57","2011-10-03 13:55:50",0,0,"",NULL,NULL,"4.02",NULL,"",1,687,178,193,161,1
701,"2011-10-03 12:14:57","2011-10-03 12:14:57",0,0,"",NULL,NULL,"4.021",NULL,"",1,700,191,192,161,2
702,"2011-10-03 12:14:57","2011-10-03 12:14:57",0,0,"",NULL,NULL,"4.022",NULL,"",1,700,189,190,161,2
703,"2011-10-03 12:14:57","2011-10-03 12:14:57",0,0,"",NULL,NULL,"4.023",NULL,"",1,700,187,188,161,2
704,"2011-10-03 12:14:57","2011-10-03 12:14:57",0,0,"",NULL,NULL,"4.024",NULL,"",1,700,185,186,161,2
705,"2011-10-03 12:14:58","2011-10-03 12:14:58",0,0,"",NULL,NULL,"4.025",NULL,"",1,700,183,184,161,2
706,"2011-10-03 12:14:58","2011-10-03 12:14:58",0,0,"",NULL,NULL,"4.026",NULL,"",1,700,181,182,161,2
707,"2011-10-03 12:14:58","2011-10-03 12:14:58",0,0,"",NULL,NULL,"4.027",NULL,"",1,700,179,180,161,2
708,"2011-10-03 12:14:58","2011-10-03 13:55:50",0,0,"",NULL,NULL,"4.03",NULL,"",1,687,168,177,161,1
709,"2011-10-03 12:14:58","2011-10-03 12:14:58",0,0,"",NULL,NULL,"4.031",NULL,"",1,708,171,176,161,2
710,"2011-10-03 12:14:58","2011-10-03 12:14:58",0,0,"",NULL,NULL,"4.0311",NULL,"",1,709,174,175,161,3
711,"2011-10-03 12:14:58","2011-10-03 12:14:58",0,0,"",NULL,NULL,"4.0312",NULL,"",1,709,172,173,161,3
712,"2011-10-03 12:14:58","2011-10-03 12:14:58",0,0,"",NULL,NULL,"4.032",NULL,"",1,708,169,170,161,2
713,"2011-10-03 12:14:58","2011-10-03 13:55:50",0,0,"",NULL,NULL,"4.04",NULL,"",1,687,160,167,161,1
714,"2011-10-03 12:14:58","2011-10-03 12:14:58",0,0,"",NULL,NULL,"4.041",NULL,"",1,713,161,166,161,2
715,"2011-10-03 12:14:58","2011-10-03 12:14:58",0,0,"",NULL,NULL,"4.0411",NULL,"",1,714,164,165,161,3
716,"2011-10-03 12:14:58","2011-10-03 12:14:58",0,0,"",NULL,NULL,"4.0412",NULL,"",1,714,162,163,161,3
717,"2011-10-03 12:14:58","2011-10-03 13:55:50",0,0,"",NULL,NULL,"4.05",NULL,"",1,687,158,159,161,1
718,"2011-10-03 12:14:58","2011-10-03 13:55:50",0,0,"",NULL,NULL,"4.06",NULL,"",1,687,144,157,161,1
719,"2011-10-03 12:14:58","2011-10-03 12:14:58",0,0,"",NULL,NULL,"4.061",NULL,"",1,718,155,156,161,2
720,"2011-10-03 12:14:58","2011-10-03 12:14:58",0,0,"",NULL,NULL,"4.062",NULL,"",1,718,151,154,161,2
721,"2011-10-03 12:14:58","2011-10-03 12:14:58",0,0,"",NULL,NULL,"4.0621",NULL,"",1,720,152,153,161,3
722,"2011-10-03 12:14:58","2011-10-03 12:14:58",0,0,"",NULL,NULL,"4.063",NULL,"",1,718,149,150,161,2
723,"2011-10-03 12:14:58","2011-10-03 12:14:58",0,0,"",NULL,NULL,"4.064",NULL,"",1,718,145,148,161,2
724,"2011-10-03 12:14:58","2011-10-03 12:14:58",0,0,"",NULL,NULL,"4.0641",NULL,"",1,723,146,147,161,3
725,"2011-10-03 12:14:58","2011-10-03 12:14:58",0,0,"",NULL,NULL,"4.1",NULL,"",1,687,82,143,161,1
726,"2011-10-03 12:14:58","2011-10-03 12:14:58",0,0,"",NULL,NULL,"4.11",NULL,"",1,725,125,142,161,2
727,"2011-10-03 12:14:58","2011-10-03 12:14:58",0,0,"",NULL,NULL,"4.111",NULL,"",1,726,140,141,161,3
728,"2011-10-03 12:14:58","2011-10-03 12:14:58",0,0,"",NULL,NULL,"4.112",NULL,"",1,726,134,139,161,3
729,"2011-10-03 12:14:58","2011-10-03 12:14:58",0,0,"",NULL,NULL,"4.1121",NULL,"",1,728,137,138,161,4
730,"2011-10-03 12:14:58","2011-10-03 12:14:58",0,0,"",NULL,NULL,"4.1122",NULL,"",1,728,135,136,161,4
731,"2011-10-03 12:14:58","2011-10-03 12:14:58",0,0,"",NULL,NULL,"4.113",NULL,"",1,726,132,133,161,3
732,"2011-10-03 12:14:58","2011-10-03 12:14:58",0,0,"",NULL,NULL,"4.114",NULL,"",1,726,130,131,161,3
733,"2011-10-03 12:14:58","2011-10-03 12:14:58",0,0,"",NULL,NULL,"4.115",NULL,"",1,726,128,129,161,3
734,"2011-10-03 12:14:58","2011-10-03 12:14:58",0,0,"",NULL,NULL,"4.116",NULL,"",1,726,126,127,161,3
735,"2011-10-03 12:14:58","2011-10-03 12:14:58",0,0,"",NULL,NULL,"4.12",NULL,"",1,725,83,124,161,2
736,"2011-10-03 12:14:58","2011-10-03 12:14:58",0,0,"",NULL,NULL,"4.121",NULL,"",1,735,116,123,161,3
737,"2011-10-03 12:14:58","2011-10-03 12:14:58",0,0,"",NULL,NULL,"4.1211",NULL,"",1,736,121,122,161,4
738,"2011-10-03 12:14:58","2011-10-03 12:14:58",0,0,"",NULL,NULL,"4.1212",NULL,"",1,736,119,120,161,4
739,"2011-10-03 12:14:58","2011-10-03 12:14:58",0,0,"",NULL,NULL,"4.1213",NULL,"",1,736,117,118,161,4
740,"2011-10-03 12:14:58","2011-10-03 12:14:58",0,0,"",NULL,NULL,"4.122",NULL,"",1,735,112,115,161,3
741,"2011-10-03 12:14:58","2011-10-03 12:14:58",0,0,"",NULL,NULL,"4.1221",NULL,"",1,740,113,114,161,4
742,"2011-10-03 12:14:58","2011-10-03 12:14:58",0,0,"",NULL,NULL,"4.123",NULL,"",1,735,110,111,161,3
743,"2011-10-03 12:14:58","2011-10-03 12:14:58",0,0,"",NULL,NULL,"4.124",NULL,"",1,735,106,109,161,3
744,"2011-10-03 12:14:58","2011-10-03 12:14:58",0,0,"",NULL,NULL,"4.1241",NULL,"",1,743,107,108,161,4
745,"2011-10-03 12:14:58","2011-10-03 12:14:58",0,0,"",NULL,NULL,"4.125",NULL,"",1,735,100,105,161,3
746,"2011-10-03 12:14:58","2011-10-03 12:14:58",0,0,"",NULL,NULL,"4.1251",NULL,"",1,745,103,104,161,4
747,"2011-10-03 12:14:58","2011-10-03 12:14:58",0,0,"",NULL,NULL,"4.1252",NULL,"",1,745,101,102,161,4
748,"2011-10-03 12:14:58","2011-10-03 12:14:58",0,0,"",NULL,NULL,"4.126",NULL,"",1,735,98,99,161,3
749,"2011-10-03 12:14:58","2011-10-03 12:14:58",0,0,"",NULL,NULL,"4.127",NULL,"",1,735,86,97,161,3
750,"2011-10-03 12:14:58","2011-10-03 12:14:58",0,0,"",NULL,NULL,"4.1271",NULL,"",1,749,95,96,161,4
751,"2011-10-03 12:14:58","2011-10-03 12:14:58",0,0,"",NULL,NULL,"4.1272",NULL,"",1,749,91,94,161,4
752,"2011-10-03 12:14:58","2011-10-03 12:14:58",0,0,"",NULL,NULL,"4.12721",NULL,"",1,751,92,93,161,5
753,"2011-10-03 12:14:58","2011-10-03 12:14:58",0,0,"",NULL,NULL,"4.1273",NULL,"",1,749,89,90,161,4
754,"2011-10-03 12:14:58","2011-10-03 12:14:58",0,0,"",NULL,NULL,"4.1274",NULL,"",1,749,87,88,161,4
755,"2011-10-03 12:14:59","2011-10-03 12:14:59",0,0,"",NULL,NULL,"4.128",NULL,"",1,735,84,85,161,3
756,"2011-10-03 12:14:59","2011-10-03 12:14:59",0,0,"",NULL,NULL,"4.2",NULL,"",1,687,52,81,161,1
757,"2011-10-03 12:14:59","2011-10-03 12:14:59",0,0,"",NULL,NULL,"4.21",NULL,"",1,756,77,80,161,2
758,"2011-10-03 12:14:59","2011-10-03 12:14:59",0,0,"",NULL,NULL,"4.211",NULL,"",1,757,78,79,161,3
759,"2011-10-03 12:14:59","2011-10-03 12:14:59",0,0,"",NULL,NULL,"4.22",NULL,"",1,756,71,76,161,2
760,"2011-10-03 12:14:59","2011-10-03 12:14:59",0,0,"",NULL,NULL,"4.221",NULL,"",1,759,72,75,161,3
761,"2011-10-03 12:14:59","2011-10-03 12:14:59",0,0,"",NULL,NULL,"4.2211",NULL,"",1,760,73,74,161,4
762,"2011-10-03 12:14:59","2011-10-03 12:14:59",0,0,"",NULL,NULL,"4.23",NULL,"",1,756,69,70,161,2
763,"2011-10-03 12:14:59","2011-10-03 12:14:59",0,0,"",NULL,NULL,"4.24",NULL,"",1,756,61,68,161,2
764,"2011-10-03 12:14:59","2011-10-03 12:14:59",0,0,"",NULL,NULL,"4.241",NULL,"",1,763,66,67,161,3
765,"2011-10-03 12:14:59","2011-10-03 12:14:59",0,0,"",NULL,NULL,"4.242",NULL,"",1,763,64,65,161,3
766,"2011-10-03 12:14:59","2011-10-03 12:14:59",0,0,"",NULL,NULL,"4.243",NULL,"",1,763,62,63,161,3
767,"2011-10-03 12:14:59","2011-10-03 12:14:59",0,0,"",NULL,NULL,"4.25",NULL,"",1,756,59,60,161,2
768,"2011-10-03 12:14:59","2011-10-03 12:14:59",0,0,"",NULL,NULL,"4.26",NULL,"",1,756,57,58,161,2
769,"2011-10-03 12:14:59","2011-10-03 12:14:59",0,0,"",NULL,NULL,"4.27",NULL,"",1,756,55,56,161,2
770,"2011-10-03 12:14:59","2011-10-03 12:14:59",0,0,"",NULL,NULL,"4.28",NULL,"",1,756,53,54,161,2
771,"2011-10-03 12:14:59","2011-10-03 12:14:59",0,0,"",NULL,NULL,"4.3",NULL,"",1,687,48,51,161,1
772,"2011-10-03 12:14:59","2011-10-03 12:14:59",0,0,"",NULL,NULL,"4.31",NULL,"",1,771,49,50,161,2
773,"2011-10-03 12:14:59","2011-10-03 12:14:59",0,0,"",NULL,NULL,"4.4",NULL,"",1,687,10,47,161,1
774,"2011-10-03 12:14:59","2011-10-03 12:14:59",0,0,"",NULL,NULL,"4.41",NULL,"",1,773,43,46,161,2
775,"2011-10-03 12:14:59","2011-10-03 12:14:59",0,0,"",NULL,NULL,"4.411",NULL,"",1,774,44,45,161,3
776,"2011-10-03 12:14:59","2011-10-03 12:14:59",0,0,"",NULL,NULL,"4.42",NULL,"",1,773,41,42,161,2
777,"2011-10-03 12:14:59","2011-10-03 12:14:59",0,0,"",NULL,NULL,"4.43",NULL,"",1,773,37,40,161,2
778,"2011-10-03 12:14:59","2011-10-03 12:14:59",0,0,"",NULL,NULL,"4.431",NULL,"",1,777,38,39,161,3
779,"2011-10-03 12:14:59","2011-10-03 12:14:59",0,0,"",NULL,NULL,"4.44",NULL,"",1,773,31,36,161,2
780,"2011-10-03 12:14:59","2011-10-03 12:14:59",0,0,"",NULL,NULL,"4.441",NULL,"",1,779,34,35,161,3
781,"2011-10-03 12:14:59","2011-10-03 12:14:59",0,0,"",NULL,NULL,"4.442",NULL,"",1,779,32,33,161,3
782,"2011-10-03 12:14:59","2011-10-03 12:14:59",0,0,"",NULL,NULL,"4.45",NULL,"",1,773,29,30,161,2
783,"2011-10-03 12:14:59","2011-10-03 12:14:59",0,0,"",NULL,NULL,"4.46",NULL,"",1,773,11,28,161,2
784,"2011-10-03 12:14:59","2011-10-03 12:14:59",0,0,"",NULL,NULL,"4.461",NULL,"",1,783,24,27,161,3
785,"2011-10-03 12:14:59","2011-10-03 12:14:59",0,0,"",NULL,NULL,"4.4611",NULL,"",1,784,25,26,161,4
786,"2011-10-03 12:14:59","2011-10-03 12:14:59",0,0,"",NULL,NULL,"4.462",NULL,"",1,783,22,23,161,3
787,"2011-10-03 12:14:59","2011-10-03 12:14:59",0,0,"",NULL,NULL,"4.463",NULL,"",1,783,20,21,161,3
788,"2011-10-03 12:14:59","2011-10-03 12:14:59",0,0,"",NULL,NULL,"4.464",NULL,"",1,783,18,19,161,3
789,"2011-10-03 12:14:59","2011-10-03 12:14:59",0,0,"",NULL,NULL,"4.465",NULL,"",1,783,16,17,161,3
790,"2011-10-03 12:14:59","2011-10-03 12:14:59",0,0,"",NULL,NULL,"4.466",NULL,"",1,783,12,15,161,3
791,"2011-10-03 12:14:59","2011-10-03 12:14:59",0,0,"",NULL,NULL,"4.4661",NULL,"",1,790,13,14,161,4
792,"2011-10-03 12:14:59","2011-10-03 12:14:59",0,0,"",NULL,NULL,"4.5",NULL,"",1,687,2,9,161,1
793,"2011-10-03 12:14:59","2011-10-03 12:14:59",0,0,"",NULL,NULL,"4.51",NULL,"",1,792,7,8,161,2
794,"2011-10-03 12:14:59","2011-10-03 12:14:59",0,0,"",NULL,NULL,"4.52",NULL,"",1,792,5,6,161,2
795,"2011-10-03 12:14:59","2011-10-03 12:14:59",0,0,"",NULL,NULL,"4.53",NULL,"",1,792,3,4,161,2
796,"2011-10-03 12:14:59","2011-10-03 12:14:59",0,0,"",NULL,NULL,"5",NULL,"",1,NULL,1,302,270,0
797,"2011-10-03 12:14:59","2011-10-03 13:55:51",0,0,"",NULL,NULL,"5.01",NULL,"",1,796,300,301,270,1
798,"2011-10-03 12:14:59","2011-10-03 13:55:51",0,0,"",NULL,NULL,"5.02",NULL,"",1,796,298,299,270,1
799,"2011-10-03 12:14:59","2011-10-03 12:14:59",0,0,"",NULL,NULL,"5.1",NULL,"",1,796,234,297,270,1
800,"2011-10-03 12:14:59","2011-10-03 13:55:52",0,0,"",NULL,NULL,"5.101",NULL,"",1,799,295,296,270,2
801,"2011-10-03 12:14:59","2011-10-03 12:14:59",0,0,"",NULL,NULL,"5.11",NULL,"",1,799,293,294,270,2
802,"2011-10-03 12:14:59","2011-10-03 12:14:59",0,0,"",NULL,NULL,"5.12",NULL,"",1,799,281,292,270,2
803,"2011-10-03 12:14:59","2011-10-03 12:14:59",0,0,"",NULL,NULL,"5.121",NULL,"",1,802,290,291,270,3
804,"2011-10-03 12:15:00","2011-10-03 12:15:00",0,0,"",NULL,NULL,"5.122",NULL,"",1,802,288,289,270,3
805,"2011-10-03 12:15:00","2011-10-03 12:15:00",0,0,"",NULL,NULL,"5.123",NULL,"",1,802,286,287,270,3
806,"2011-10-03 12:15:00","2011-10-03 12:15:00",0,0,"",NULL,NULL,"5.124",NULL,"",1,802,282,285,270,3
807,"2011-10-03 12:15:00","2011-10-03 12:15:00",0,0,"",NULL,NULL,"5.1241",NULL,"",1,806,283,284,270,4
808,"2011-10-03 12:15:00","2011-10-03 12:15:00",0,0,"",NULL,NULL,"5.13",NULL,"",1,799,259,280,270,2
809,"2011-10-03 12:15:00","2011-10-03 12:15:00",0,0,"",NULL,NULL,"5.131",NULL,"",1,808,276,279,270,3
810,"2011-10-03 12:15:00","2011-10-03 12:15:00",0,0,"",NULL,NULL,"5.1311",NULL,"",1,809,277,278,270,4
811,"2011-10-03 12:15:00","2011-10-03 12:15:00",0,0,"",NULL,NULL,"5.132",NULL,"",1,808,274,275,270,3
812,"2011-10-03 12:15:00","2011-10-03 12:15:00",0,0,"",NULL,NULL,"5.133",NULL,"",1,808,272,273,270,3
813,"2011-10-03 12:15:00","2011-10-03 12:15:00",0,0,"",NULL,NULL,"5.134",NULL,"",1,808,270,271,270,3
814,"2011-10-03 12:15:00","2011-10-03 12:15:00",0,0,"",NULL,NULL,"5.135",NULL,"",1,808,268,269,270,3
815,"2011-10-03 12:15:00","2011-10-03 12:15:00",0,0,"",NULL,NULL,"5.136",NULL,"",1,808,260,267,270,3
816,"2011-10-03 12:15:00","2011-10-03 12:15:00",0,0,"",NULL,NULL,"5.1361",NULL,"",1,815,265,266,270,4
817,"2011-10-03 12:15:00","2011-10-03 12:15:00",0,0,"",NULL,NULL,"5.1362",NULL,"",1,815,263,264,270,4
818,"2011-10-03 12:15:00","2011-10-03 12:15:00",0,0,"",NULL,NULL,"5.1363",NULL,"",1,815,261,262,270,4
819,"2011-10-03 12:15:00","2011-10-03 12:15:00",0,0,"",NULL,NULL,"5.14",NULL,"",1,799,251,258,270,2
820,"2011-10-03 12:15:00","2011-10-03 12:15:00",0,0,"",NULL,NULL,"5.141",NULL,"",1,819,256,257,270,3
821,"2011-10-03 12:15:00","2011-10-03 12:15:00",0,0,"",NULL,NULL,"5.142",NULL,"",1,819,254,255,270,3
822,"2011-10-03 12:15:00","2011-10-03 12:15:00",0,0,"",NULL,NULL,"5.143",NULL,"",1,819,252,253,270,3
823,"2011-10-03 12:15:00","2011-10-03 12:15:00",0,0,"",NULL,NULL,"5.15",NULL,"",1,799,235,250,270,2
824,"2011-10-03 12:15:00","2011-10-03 12:15:00",0,0,"",NULL,NULL,"5.151",NULL,"",1,823,246,249,270,3
825,"2011-10-03 12:15:00","2011-10-03 12:15:00",0,0,"",NULL,NULL,"5.1511",NULL,"",1,824,247,248,270,4
826,"2011-10-03 12:15:00","2011-10-03 12:15:00",0,0,"",NULL,NULL,"5.152",NULL,"",1,823,244,245,270,3
827,"2011-10-03 12:15:00","2011-10-03 12:15:00",0,0,"",NULL,NULL,"5.153",NULL,"",1,823,242,243,270,3
828,"2011-10-03 12:15:00","2011-10-03 12:15:00",0,0,"",NULL,NULL,"5.154",NULL,"",1,823,240,241,270,3
829,"2011-10-03 12:15:00","2011-10-03 12:15:00",0,0,"",NULL,NULL,"5.155",NULL,"",1,823,238,239,270,3
830,"2011-10-03 12:15:00","2011-10-03 12:15:00",0,0,"",NULL,NULL,"5.156",NULL,"",1,823,236,237,270,3
831,"2011-10-03 12:15:00","2011-10-03 12:15:00",0,0,"",NULL,NULL,"5.2",NULL,"",1,796,194,233,270,1
832,"2011-10-03 12:15:00","2011-10-03 12:15:00",0,0,"",NULL,NULL,"5.21",NULL,"",1,831,231,232,270,2
833,"2011-10-03 12:15:00","2011-10-03 12:15:00",0,0,"",NULL,NULL,"5.22",NULL,"",1,831,229,230,270,2
834,"2011-10-03 12:15:00","2011-10-03 12:15:00",0,0,"",NULL,NULL,"5.23",NULL,"",1,831,217,228,270,2
835,"2011-10-03 12:15:00","2011-10-03 12:15:00",0,0,"",NULL,NULL,"5.231",NULL,"",1,834,226,227,270,3
836,"2011-10-03 12:15:00","2011-10-03 12:15:00",0,0,"",NULL,NULL,"5.232",NULL,"",1,834,224,225,270,3
837,"2011-10-03 12:15:00","2011-10-03 12:15:00",0,0,"",NULL,NULL,"5.233",NULL,"",1,834,222,223,270,3
838,"2011-10-03 12:15:00","2011-10-03 12:15:00",0,0,"",NULL,NULL,"5.234",NULL,"",1,834,218,221,270,3
839,"2011-10-03 12:15:00","2011-10-03 12:15:00",0,0,"",NULL,NULL,"5.2341",NULL,"",1,838,219,220,270,4
840,"2011-10-03 12:15:00","2011-10-03 12:15:00",0,0,"",NULL,NULL,"5.24",NULL,"",1,831,211,216,270,2
841,"2011-10-03 12:15:00","2011-10-03 12:15:00",0,0,"",NULL,NULL,"5.241",NULL,"",1,840,214,215,270,3
842,"2011-10-03 12:15:00","2011-10-03 12:15:00",0,0,"",NULL,NULL,"5.242",NULL,"",1,840,212,213,270,3
843,"2011-10-03 12:15:00","2011-10-03 12:15:00",0,0,"",NULL,NULL,"5.25",NULL,"",1,831,195,210,270,2
844,"2011-10-03 12:15:00","2011-10-03 12:15:00",0,0,"",NULL,NULL,"5.251",NULL,"",1,843,208,209,270,3
845,"2011-10-03 12:15:00","2011-10-03 12:15:00",0,0,"",NULL,NULL,"5.252",NULL,"",1,843,200,207,270,3
846,"2011-10-03 12:15:01","2011-10-03 12:15:01",0,0,"",NULL,NULL,"5.2521",NULL,"",1,845,205,206,270,4
847,"2011-10-03 12:15:01","2011-10-03 12:15:01",0,0,"",NULL,NULL,"5.2522",NULL,"",1,845,203,204,270,4
848,"2011-10-03 12:15:01","2011-10-03 12:15:01",0,0,"",NULL,NULL,"5.2523",NULL,"",1,845,201,202,270,4
849,"2011-10-03 12:15:01","2011-10-03 12:15:01",0,0,"",NULL,NULL,"5.253",NULL,"",1,843,198,199,270,3
850,"2011-10-03 12:15:01","2011-10-03 12:15:01",0,0,"",NULL,NULL,"5.254",NULL,"",1,843,196,197,270,3
851,"2011-10-03 12:15:01","2011-10-03 12:15:01",0,0,"",NULL,NULL,"5.3",NULL,"",1,796,188,193,270,1
852,"2011-10-03 12:15:01","2011-10-03 12:15:01",0,0,"",NULL,NULL,"5.31",NULL,"",1,851,191,192,270,2
853,"2011-10-03 12:15:01","2011-10-03 12:15:01",0,0,"",NULL,NULL,"5.32",NULL,"",1,851,189,190,270,2
854,"2011-10-03 12:15:01","2011-10-03 12:15:01",0,0,"",NULL,NULL,"5.4",NULL,"",1,796,132,187,270,1
855,"2011-10-03 12:15:01","2011-10-03 12:15:01",0,0,"",NULL,NULL,"5.41",NULL,"",1,854,185,186,270,2
856,"2011-10-03 12:15:01","2011-10-03 12:15:01",0,0,"",NULL,NULL,"5.42",NULL,"",1,854,183,184,270,2
857,"2011-10-03 12:15:01","2011-10-03 12:15:01",0,0,"",NULL,NULL,"5.43",NULL,"",1,854,181,182,270,2
858,"2011-10-03 12:15:01","2011-10-03 12:15:01",0,0,"",NULL,NULL,"5.44",NULL,"",1,854,175,180,270,2
859,"2011-10-03 12:15:01","2011-10-03 12:15:01",0,0,"",NULL,NULL,"5.441",NULL,"",1,858,178,179,270,3
860,"2011-10-03 12:15:01","2011-10-03 12:15:01",0,0,"",NULL,NULL,"5.442",NULL,"",1,858,176,177,270,3
861,"2011-10-03 12:15:01","2011-10-03 12:15:01",0,0,"",NULL,NULL,"5.45",NULL,"",1,854,163,174,270,2
862,"2011-10-03 12:15:01","2011-10-03 12:15:01",0,0,"",NULL,NULL,"5.451",NULL,"",1,861,172,173,270,3
863,"2011-10-03 12:15:01","2011-10-03 12:15:01",0,0,"",NULL,NULL,"5.452",NULL,"",1,861,170,171,270,3
864,"2011-10-03 12:15:01","2011-10-03 12:15:01",0,0,"",NULL,NULL,"5.453",NULL,"",1,861,168,169,270,3
865,"2011-10-03 12:15:01","2011-10-03 12:15:01",0,0,"",NULL,NULL,"5.454",NULL,"",1,861,164,167,270,3
866,"2011-10-03 12:15:01","2011-10-03 12:15:01",0,0,"",NULL,NULL,"5.4541",NULL,"",1,865,165,166,270,4
867,"2011-10-03 12:15:01","2011-10-03 12:15:01",0,0,"",NULL,NULL,"5.46",NULL,"",1,854,157,162,270,2
868,"2011-10-03 12:15:01","2011-10-03 12:15:01",0,0,"",NULL,NULL,"5.461",NULL,"",1,867,158,161,270,3
869,"2011-10-03 12:15:01","2011-10-03 12:15:01",0,0,"",NULL,NULL,"5.4611",NULL,"",1,868,159,160,270,4
870,"2011-10-03 12:15:01","2011-10-03 12:15:01",0,0,"",NULL,NULL,"5.47",NULL,"",1,854,133,156,270,2
871,"2011-10-03 12:15:01","2011-10-03 12:15:01",0,0,"",NULL,NULL,"5.471",NULL,"",1,870,152,155,270,3
872,"2011-10-03 12:15:01","2011-10-03 12:15:01",0,0,"",NULL,NULL,"5.4711",NULL,"",1,871,153,154,270,4
873,"2011-10-03 12:15:01","2011-10-03 12:15:01",0,0,"",NULL,NULL,"5.472",NULL,"",1,870,150,151,270,3
874,"2011-10-03 12:15:01","2011-10-03 12:15:01",0,0,"",NULL,NULL,"5.473",NULL,"",1,870,140,149,270,3
875,"2011-10-03 12:15:01","2011-10-03 12:15:01",0,0,"",NULL,NULL,"5.4731",NULL,"",1,874,147,148,270,4
876,"2011-10-03 12:15:01","2011-10-03 12:15:01",0,0,"",NULL,NULL,"5.4732",NULL,"",1,874,143,146,270,4
877,"2011-10-03 12:15:01","2011-10-03 12:15:01",0,0,"",NULL,NULL,"5.47321",NULL,"",1,876,144,145,270,5
878,"2011-10-03 12:15:01","2011-10-03 12:15:01",0,0,"",NULL,NULL,"5.4733",NULL,"",1,874,141,142,270,4
879,"2011-10-03 12:15:01","2011-10-03 12:15:01",0,0,"",NULL,NULL,"5.474",NULL,"",1,870,138,139,270,3
880,"2011-10-03 12:15:01","2011-10-03 12:15:01",0,0,"",NULL,NULL,"5.475",NULL,"",1,870,136,137,270,3
881,"2011-10-03 12:15:01","2011-10-03 12:15:01",0,0,"",NULL,NULL,"5.476",NULL,"",1,870,134,135,270,3
882,"2011-10-03 12:15:01","2011-10-03 12:15:01",0,0,"",NULL,NULL,"5.5",NULL,"",1,796,26,131,270,1
883,"2011-10-03 12:15:02","2011-10-03 13:55:52",0,0,"",NULL,NULL,"5.501",NULL,"",1,882,129,130,270,2
884,"2011-10-03 12:15:02","2011-10-03 13:55:52",0,0,"",NULL,NULL,"5.502",NULL,"",1,882,127,128,270,2
885,"2011-10-03 12:15:02","2011-10-03 13:55:53",0,0,"",NULL,NULL,"5.503",NULL,"",1,882,125,126,270,2
886,"2011-10-03 12:15:02","2011-10-03 12:15:02",0,0,"",NULL,NULL,"5.51",NULL,"",1,882,111,124,270,2
887,"2011-10-03 12:15:02","2011-10-03 12:15:02",0,0,"",NULL,NULL,"5.511",NULL,"",1,886,122,123,270,3
888,"2011-10-03 12:15:02","2011-10-03 12:15:02",0,0,"",NULL,NULL,"5.512",NULL,"",1,886,120,121,270,3
889,"2011-10-03 12:15:02","2011-10-03 12:15:02",0,0,"",NULL,NULL,"5.513",NULL,"",1,886,118,119,270,3
890,"2011-10-03 12:15:02","2011-10-03 12:15:02",0,0,"",NULL,NULL,"5.514",NULL,"",1,886,116,117,270,3
891,"2011-10-03 12:15:02","2011-10-03 12:15:02",0,0,"",NULL,NULL,"5.515",NULL,"",1,886,112,115,270,3
892,"2011-10-03 12:15:02","2011-10-03 12:15:02",0,0,"",NULL,NULL,"5.5151",NULL,"",1,891,113,114,270,4
893,"2011-10-03 12:15:02","2011-10-03 12:15:02",0,0,"",NULL,NULL,"5.52",NULL,"",1,882,93,110,270,2
894,"2011-10-03 12:15:02","2011-10-03 12:15:02",0,0,"",NULL,NULL,"5.521",NULL,"",1,893,108,109,270,3
895,"2011-10-03 12:15:02","2011-10-03 12:15:02",0,0,"",NULL,NULL,"5.522",NULL,"",1,893,106,107,270,3
896,"2011-10-03 12:15:02","2011-10-03 12:15:02",0,0,"",NULL,NULL,"5.523",NULL,"",1,893,104,105,270,3
897,"2011-10-03 12:15:02","2011-10-03 12:15:02",0,0,"",NULL,NULL,"5.524",NULL,"",1,893,102,103,270,3
898,"2011-10-03 12:15:02","2011-10-03 12:15:02",0,0,"",NULL,NULL,"5.525",NULL,"",1,893,100,101,270,3
899,"2011-10-03 12:15:02","2011-10-03 12:15:02",0,0,"",NULL,NULL,"5.526",NULL,"",1,893,94,99,270,3
900,"2011-10-03 12:15:02","2011-10-03 12:15:02",0,0,"",NULL,NULL,"5.5261",NULL,"",1,899,97,98,270,4
901,"2011-10-03 12:15:02","2011-10-03 12:15:02",0,0,"",NULL,NULL,"5.5262",NULL,"",1,899,95,96,270,4
902,"2011-10-03 12:15:02","2011-10-03 12:15:02",0,0,"",NULL,NULL,"5.53",NULL,"",1,882,69,92,270,2
903,"2011-10-03 12:15:02","2011-10-03 13:55:53",0,0,"",NULL,NULL,"5.5301",NULL,"",1,902,90,91,270,3
904,"2011-10-03 12:15:02","2011-10-03 13:55:53",0,0,"",NULL,NULL,"5.5302",NULL,"",1,902,88,89,270,3
905,"2011-10-03 12:15:02","2011-10-03 13:55:53",0,0,"",NULL,NULL,"5.5303",NULL,"",1,902,86,87,270,3
906,"2011-10-03 12:15:02","2011-10-03 12:15:02",0,0,"",NULL,NULL,"5.531",NULL,"",1,902,84,85,270,3
907,"2011-10-03 12:15:02","2011-10-03 12:15:02",0,0,"",NULL,NULL,"5.532",NULL,"",1,902,80,83,270,3
908,"2011-10-03 12:15:02","2011-10-03 12:15:02",0,0,"",NULL,NULL,"5.5321",NULL,"",1,907,81,82,270,4
909,"2011-10-03 12:15:02","2011-10-03 12:15:02",0,0,"",NULL,NULL,"5.533",NULL,"",1,902,78,79,270,3
910,"2011-10-03 12:15:02","2011-10-03 12:15:02",0,0,"",NULL,NULL,"5.534",NULL,"",1,902,76,77,270,3
911,"2011-10-03 12:15:02","2011-10-03 12:15:02",0,0,"",NULL,NULL,"5.535",NULL,"",1,902,70,75,270,3
912,"2011-10-03 12:15:02","2011-10-03 12:15:02",0,0,"",NULL,NULL,"5.5351",NULL,"",1,911,73,74,270,4
913,"2011-10-03 12:15:02","2011-10-03 12:15:02",0,0,"",NULL,NULL,"5.5352",NULL,"",1,911,71,72,270,4
914,"2011-10-03 12:15:02","2011-10-03 12:15:02",0,0,"",NULL,NULL,"5.54",NULL,"",1,882,57,68,270,2
915,"2011-10-03 12:15:02","2011-10-03 12:15:02",0,0,"",NULL,NULL,"5.541",NULL,"",1,914,66,67,270,3
916,"2011-10-03 12:15:02","2011-10-03 12:15:02",0,0,"",NULL,NULL,"5.542",NULL,"",1,914,58,65,270,3
917,"2011-10-03 12:15:02","2011-10-03 12:15:02",0,0,"",NULL,NULL,"5.5421",NULL,"",1,916,63,64,270,4
918,"2011-10-03 12:15:02","2011-10-03 12:15:02",0,0,"",NULL,NULL,"5.5422",NULL,"",1,916,61,62,270,4
919,"2011-10-03 12:15:02","2011-10-03 12:15:02",0,0,"",NULL,NULL,"5.5423",NULL,"",1,916,59,60,270,4
920,"2011-10-03 12:15:02","2011-10-03 12:15:02",0,0,"",NULL,NULL,"5.55",NULL,"",1,882,27,56,270,2
921,"2011-10-03 12:15:02","2011-10-03 12:15:02",0,0,"",NULL,NULL,"5.551",NULL,"",1,920,54,55,270,3
922,"2011-10-03 12:15:02","2011-10-03 12:15:02",0,0,"",NULL,NULL,"5.552",NULL,"",1,920,50,53,270,3
923,"2011-10-03 12:15:03","2011-10-03 12:15:03",0,0,"",NULL,NULL,"5.5521",NULL,"",1,922,51,52,270,4
924,"2011-10-03 12:15:03","2011-10-03 12:15:03",0,0,"",NULL,NULL,"5.553",NULL,"",1,920,48,49,270,3
925,"2011-10-03 12:15:03","2011-10-03 12:15:03",0,0,"",NULL,NULL,"5.554",NULL,"",1,920,42,47,270,3
926,"2011-10-03 12:15:03","2011-10-03 12:15:03",0,0,"",NULL,NULL,"5.5541",NULL,"",1,925,45,46,270,4
927,"2011-10-03 12:15:03","2011-10-03 12:15:03",0,0,"",NULL,NULL,"5.5542",NULL,"",1,925,43,44,270,4
928,"2011-10-03 12:15:03","2011-10-03 12:15:03",0,0,"",NULL,NULL,"5.555",NULL,"",1,920,40,41,270,3
929,"2011-10-03 12:15:03","2011-10-03 12:15:03",0,0,"",NULL,NULL,"5.556",NULL,"",1,920,32,39,270,3
930,"2011-10-03 12:15:03","2011-10-03 12:15:03",0,0,"",NULL,NULL,"5.5561",NULL,"",1,929,37,38,270,4
931,"2011-10-03 12:15:03","2011-10-03 12:15:03",0,0,"",NULL,NULL,"5.5562",NULL,"",1,929,35,36,270,4
932,"2011-10-03 12:15:03","2011-10-03 12:15:03",0,0,"",NULL,NULL,"5.5563",NULL,"",1,929,33,34,270,4
933,"2011-10-03 12:15:03","2011-10-03 12:15:03",0,0,"",NULL,NULL,"5.557",NULL,"",1,920,28,31,270,3
934,"2011-10-03 12:15:03","2011-10-03 12:15:03",0,0,"",NULL,NULL,"5.5571",NULL,"",1,933,29,30,270,4
935,"2011-10-03 12:15:03","2011-10-03 12:15:03",0,0,"",NULL,NULL,"5.6",NULL,"",1,796,2,25,270,1
936,"2011-10-03 12:15:03","2011-10-03 12:15:03",0,0,"",NULL,NULL,"5.61",NULL,"",1,935,23,24,270,2
937,"2011-10-03 12:15:03","2011-10-03 12:15:03",0,0,"",NULL,NULL,"5.62",NULL,"",1,935,19,22,270,2
938,"2011-10-03 12:15:03","2011-10-03 12:15:03",0,0,"",NULL,NULL,"5.621",NULL,"",1,937,20,21,270,3
939,"2011-10-03 12:15:03","2011-10-03 12:15:03",0,0,"",NULL,NULL,"5.63",NULL,"",1,935,7,18,270,2
940,"2011-10-03 12:15:03","2011-10-03 12:15:03",0,0,"",NULL,NULL,"5.631",NULL,"",1,939,16,17,270,3
941,"2011-10-03 12:15:03","2011-10-03 12:15:03",0,0,"",NULL,NULL,"5.632",NULL,"",1,939,14,15,270,3
942,"2011-10-03 12:15:03","2011-10-03 12:15:03",0,0,"",NULL,NULL,"5.633",NULL,"",1,939,10,13,270,3
943,"2011-10-03 12:15:03","2011-10-03 12:15:03",0,0,"",NULL,NULL,"5.6331",NULL,"",1,942,11,12,270,4
944,"2011-10-03 12:15:03","2011-10-03 12:15:03",0,0,"",NULL,NULL,"5.634",NULL,"",1,939,8,9,270,3
945,"2011-10-03 12:15:03","2011-10-03 12:15:03",0,0,"",NULL,NULL,"5.64",NULL,"",1,935,3,6,270,2
946,"2011-10-03 12:15:03","2011-10-03 12:15:03",0,0,"",NULL,NULL,"5.641",NULL,"",1,945,4,5,270,3
947,"2011-10-03 12:15:03","2011-10-03 12:15:03",0,0,"",NULL,NULL,"6",NULL,"",1,NULL,1,210,421,0
948,"2011-10-03 12:15:03","2011-10-03 13:55:54",0,0,"",NULL,NULL,"6.001",NULL,"",1,947,208,209,421,1
949,"2011-10-03 12:15:03","2011-10-03 13:55:54",0,0,"",NULL,NULL,"6.002",NULL,"",1,947,206,207,421,1
950,"2011-10-03 12:15:03","2011-10-03 13:55:54",0,0,"",NULL,NULL,"6.01",NULL,"",1,947,204,205,421,1
951,"2011-10-03 12:15:03","2011-10-03 13:55:54",0,0,"",NULL,NULL,"6.02",NULL,"",1,947,198,203,421,1
952,"2011-10-03 12:15:03","2011-10-03 12:15:03",0,0,"",NULL,NULL,"6.021",NULL,"",1,951,201,202,421,2
953,"2011-10-03 12:15:03","2011-10-03 12:15:03",0,0,"",NULL,NULL,"6.022",NULL,"",1,951,199,200,421,2
954,"2011-10-03 12:15:03","2011-10-03 13:55:54",0,0,"",NULL,NULL,"6.03",NULL,"",1,947,194,197,421,1
955,"2011-10-03 12:15:03","2011-10-03 12:15:03",0,0,"",NULL,NULL,"6.031",NULL,"",1,954,195,196,421,2
956,"2011-10-03 12:15:03","2011-10-03 12:15:03",0,0,"",NULL,NULL,"6.1",NULL,"",1,947,132,193,421,1
957,"2011-10-03 12:15:03","2011-10-03 12:15:03",0,0,"",NULL,NULL,"6.11",NULL,"",1,956,185,192,421,2
958,"2011-10-03 12:15:03","2011-10-03 12:15:03",0,0,"",NULL,NULL,"6.111",NULL,"",1,957,190,191,421,3
959,"2011-10-03 12:15:03","2011-10-03 12:15:03",0,0,"",NULL,NULL,"6.112",NULL,"",1,957,188,189,421,3
960,"2011-10-03 12:15:03","2011-10-03 12:15:03",0,0,"",NULL,NULL,"6.113",NULL,"",1,957,186,187,421,3
961,"2011-10-03 12:15:03","2011-10-03 12:15:03",0,0,"",NULL,NULL,"6.12",NULL,"",1,956,135,184,421,2
962,"2011-10-03 12:15:03","2011-10-03 13:55:54",0,0,"",NULL,NULL,"6.1201",NULL,"",1,961,182,183,421,3
963,"2011-10-03 12:15:03","2011-10-03 13:55:54",0,0,"",NULL,NULL,"6.1202",NULL,"",1,961,180,181,421,3
964,"2011-10-03 12:15:03","2011-10-03 13:55:54",0,0,"",NULL,NULL,"6.1203",NULL,"",1,961,178,179,421,3
965,"2011-10-03 12:15:04","2011-10-03 12:15:04",0,0,"",NULL,NULL,"6.121",NULL,"",1,961,176,177,421,3
966,"2011-10-03 12:15:04","2011-10-03 12:15:04",0,0,"",NULL,NULL,"6.122",NULL,"",1,961,166,175,421,3
967,"2011-10-03 12:15:04","2011-10-03 12:15:04",0,0,"",NULL,NULL,"6.1221",NULL,"",1,966,173,174,421,4
968,"2011-10-03 12:15:04","2011-10-03 12:15:04",0,0,"",NULL,NULL,"6.1222",NULL,"",1,966,171,172,421,4
969,"2011-10-03 12:15:04","2011-10-03 12:15:04",0,0,"",NULL,NULL,"6.1223",NULL,"",1,966,169,170,421,4
970,"2011-10-03 12:15:04","2011-10-03 12:15:04",0,0,"",NULL,NULL,"6.1224",NULL,"",1,966,167,168,421,4
971,"2011-10-03 12:15:04","2011-10-03 12:15:04",0,0,"",NULL,NULL,"6.123",NULL,"",1,961,158,165,421,3
972,"2011-10-03 12:15:04","2011-10-03 12:15:04",0,0,"",NULL,NULL,"6.1231",NULL,"",1,971,163,164,421,4
973,"2011-10-03 12:15:04","2011-10-03 12:15:04",0,0,"",NULL,NULL,"6.1232",NULL,"",1,971,161,162,421,4
974,"2011-10-03 12:15:04","2011-10-03 12:15:04",0,0,"",NULL,NULL,"6.1233",NULL,"",1,971,159,160,421,4
975,"2011-10-03 12:15:04","2011-10-03 12:15:04",0,0,"",NULL,NULL,"6.124",NULL,"",1,961,156,157,421,3
976,"2011-10-03 12:15:04","2011-10-03 12:15:04",0,0,"",NULL,NULL,"6.125",NULL,"",1,961,152,155,421,3
977,"2011-10-03 12:15:04","2011-10-03 12:15:04",0,0,"",NULL,NULL,"6.1251",NULL,"",1,976,153,154,421,4
978,"2011-10-03 12:15:04","2011-10-03 12:15:04",0,0,"",NULL,NULL,"6.126",NULL,"",1,961,140,151,421,3
979,"2011-10-03 12:15:04","2011-10-03 12:15:04",0,0,"",NULL,NULL,"6.1261",NULL,"",1,978,149,150,421,4
980,"2011-10-03 12:15:04","2011-10-03 12:15:04",0,0,"",NULL,NULL,"6.1262",NULL,"",1,978,147,148,421,4
981,"2011-10-03 12:15:04","2011-10-03 12:15:04",0,0,"",NULL,NULL,"6.1263",NULL,"",1,978,145,146,421,4
982,"2011-10-03 12:15:04","2011-10-03 12:15:04",0,0,"",NULL,NULL,"6.1264",NULL,"",1,978,143,144,421,4
983,"2011-10-03 12:15:04","2011-10-03 12:15:04",0,0,"",NULL,NULL,"6.1265",NULL,"",1,978,141,142,421,4
984,"2011-10-03 12:15:04","2011-10-03 12:15:04",0,0,"",NULL,NULL,"6.127",NULL,"",1,961,136,139,421,3
985,"2011-10-03 12:15:04","2011-10-03 12:15:04",0,0,"",NULL,NULL,"6.1271",NULL,"",1,984,137,138,421,4
986,"2011-10-03 12:15:04","2011-10-03 12:15:04",0,0,"",NULL,NULL,"6.13",NULL,"",1,956,133,134,421,2
987,"2011-10-03 12:15:04","2011-10-03 12:15:04",0,0,"",NULL,NULL,"6.2",NULL,"",1,947,100,131,421,1
988,"2011-10-03 12:15:04","2011-10-03 12:15:04",0,0,"",NULL,NULL,"6.21",NULL,"",1,987,127,130,421,2
989,"2011-10-03 12:15:04","2011-10-03 12:15:04",0,0,"",NULL,NULL,"6.211",NULL,"",1,988,128,129,421,3
990,"2011-10-03 12:15:04","2011-10-03 12:15:04",0,0,"",NULL,NULL,"6.22",NULL,"",1,987,125,126,421,2
991,"2011-10-03 12:15:04","2011-10-03 12:15:04",0,0,"",NULL,NULL,"6.23",NULL,"",1,987,105,124,421,2
992,"2011-10-03 12:15:04","2011-10-03 12:15:04",0,0,"",NULL,NULL,"6.231",NULL,"",1,991,122,123,421,3
993,"2011-10-03 12:15:04","2011-10-03 12:15:04",0,0,"",NULL,NULL,"6.232",NULL,"",1,991,114,121,421,3
994,"2011-10-03 12:15:04","2011-10-03 12:15:04",0,0,"",NULL,NULL,"6.2321",NULL,"",1,993,119,120,421,4
995,"2011-10-03 12:15:04","2011-10-03 12:15:04",0,0,"",NULL,NULL,"6.2322",NULL,"",1,993,117,118,421,4
996,"2011-10-03 12:15:04","2011-10-03 12:15:04",0,0,"",NULL,NULL,"6.2323",NULL,"",1,993,115,116,421,4
997,"2011-10-03 12:15:04","2011-10-03 12:15:04",0,0,"",NULL,NULL,"6.233",NULL,"",1,991,110,113,421,3
998,"2011-10-03 12:15:04","2011-10-03 12:15:04",0,0,"",NULL,NULL,"6.2331",NULL,"",1,997,111,112,421,4
999,"2011-10-03 12:15:04","2011-10-03 12:15:04",0,0,"",NULL,NULL,"6.234",NULL,"",1,991,106,109,421,3
1000,"2011-10-03 12:15:04","2011-10-03 12:15:04",0,0,"",NULL,NULL,"6.2341",NULL,"",1,999,107,108,421,4
1001,"2011-10-03 12:15:04","2011-10-03 12:15:04",0,0,"",NULL,NULL,"6.24",NULL,"",1,987,101,104,421,2
1002,"2011-10-03 12:15:05","2011-10-03 12:15:05",0,0,"",NULL,NULL,"6.241",NULL,"",1,1001,102,103,421,3
1003,"2011-10-03 12:15:05","2011-10-03 12:15:05",0,0,"",NULL,NULL,"6.3",NULL,"",1,947,44,99,421,1
1004,"2011-10-03 12:15:05","2011-10-03 12:15:05",0,0,"",NULL,NULL,"6.31",NULL,"",1,1003,97,98,421,2
1005,"2011-10-03 12:15:05","2011-10-03 12:15:05",0,0,"",NULL,NULL,"6.32",NULL,"",1,1003,91,96,421,2
1006,"2011-10-03 12:15:05","2011-10-03 12:15:05",0,0,"",NULL,NULL,"6.321",NULL,"",1,1005,92,95,421,3
1007,"2011-10-03 12:15:05","2011-10-03 12:15:05",0,0,"",NULL,NULL,"6.3211",NULL,"",1,1006,93,94,421,4
1008,"2011-10-03 12:15:05","2011-10-03 12:15:05",0,0,"",NULL,NULL,"6.33",NULL,"",1,1003,89,90,421,2
1009,"2011-10-03 12:15:05","2011-10-03 12:15:05",0,0,"",NULL,NULL,"6.34",NULL,"",1,1003,77,88,421,2
1010,"2011-10-03 12:15:05","2011-10-03 12:15:05",0,0,"",NULL,NULL,"6.341",NULL,"",1,1009,86,87,421,3
1011,"2011-10-03 12:15:05","2011-10-03 12:15:05",0,0,"",NULL,NULL,"6.342",NULL,"",1,1009,84,85,421,3
1012,"2011-10-03 12:15:05","2011-10-03 12:15:05",0,0,"",NULL,NULL,"6.343",NULL,"",1,1009,78,83,421,3
1013,"2011-10-03 12:15:05","2011-10-03 12:15:05",0,0,"",NULL,NULL,"6.3431",NULL,"",1,1012,81,82,421,4
1014,"2011-10-03 12:15:05","2011-10-03 12:15:05",0,0,"",NULL,NULL,"6.3432",NULL,"",1,1012,79,80,421,4
1015,"2011-10-03 12:15:05","2011-10-03 12:15:05",0,0,"",NULL,NULL,"6.35",NULL,"",1,1003,75,76,421,2
1016,"2011-10-03 12:15:05","2011-10-03 12:15:05",0,0,"",NULL,NULL,"6.36",NULL,"",1,1003,59,74,421,2
1017,"2011-10-03 12:15:05","2011-10-03 12:15:05",0,0,"",NULL,NULL,"6.361",NULL,"",1,1016,68,73,421,3
1018,"2011-10-03 12:15:05","2011-10-03 12:15:05",0,0,"",NULL,NULL,"6.3611",NULL,"",1,1017,69,72,421,4
1019,"2011-10-03 12:15:05","2011-10-03 12:15:05",0,0,"",NULL,NULL,"6.36111",NULL,"",1,1018,70,71,421,5
1020,"2011-10-03 12:15:05","2011-10-03 12:15:05",0,0,"",NULL,NULL,"6.362",NULL,"",1,1016,66,67,421,3
1021,"2011-10-03 12:15:05","2011-10-03 12:15:05",0,0,"",NULL,NULL,"6.363",NULL,"",1,1016,60,65,421,3
1022,"2011-10-03 12:15:05","2011-10-03 12:15:05",0,0,"",NULL,NULL,"6.3631",NULL,"",1,1021,61,64,421,4
1023,"2011-10-03 12:15:05","2011-10-03 12:15:05",0,0,"",NULL,NULL,"6.36311",NULL,"",1,1022,62,63,421,5
1024,"2011-10-03 12:15:05","2011-10-03 12:15:05",0,0,"",NULL,NULL,"6.37",NULL,"",1,1003,45,58,421,2
1025,"2011-10-03 12:15:05","2011-10-03 12:15:05",0,0,"",NULL,NULL,"6.371",NULL,"",1,1024,56,57,421,3
1026,"2011-10-03 12:15:05","2011-10-03 12:15:05",0,0,"",NULL,NULL,"6.372",NULL,"",1,1024,54,55,421,3
1027,"2011-10-03 12:15:05","2011-10-03 12:15:05",0,0,"",NULL,NULL,"6.373",NULL,"",1,1024,52,53,421,3
1028,"2011-10-03 12:15:05","2011-10-03 12:15:05",0,0,"",NULL,NULL,"6.374",NULL,"",1,1024,50,51,421,3
1029,"2011-10-03 12:15:05","2011-10-03 12:15:05",0,0,"",NULL,NULL,"6.375",NULL,"",1,1024,46,49,421,3
1030,"2011-10-03 12:15:05","2011-10-03 12:15:05",0,0,"",NULL,NULL,"6.3751",NULL,"",1,1029,47,48,421,4
1031,"2011-10-03 12:15:05","2011-10-03 12:15:05",0,0,"",NULL,NULL,"6.4",NULL,"",1,947,16,43,421,1
1032,"2011-10-03 12:15:05","2011-10-03 12:15:05",0,0,"",NULL,NULL,"6.41",NULL,"",1,1031,41,42,421,2
1033,"2011-10-03 12:15:05","2011-10-03 12:15:05",0,0,"",NULL,NULL,"6.42",NULL,"",1,1031,33,40,421,2
1034,"2011-10-03 12:15:05","2011-10-03 12:15:05",0,0,"",NULL,NULL,"6.421",NULL,"",1,1033,38,39,421,3
1035,"2011-10-03 12:15:05","2011-10-03 12:15:05",0,0,"",NULL,NULL,"6.422",NULL,"",1,1033,36,37,421,3
1036,"2011-10-03 12:15:05","2011-10-03 12:15:05",0,0,"",NULL,NULL,"6.423",NULL,"",1,1033,34,35,421,3
1037,"2011-10-03 12:15:05","2011-10-03 12:15:05",0,0,"",NULL,NULL,"6.43",NULL,"",1,1031,21,32,421,2
1038,"2011-10-03 12:15:05","2011-10-03 12:15:05",0,0,"",NULL,NULL,"6.431",NULL,"",1,1037,26,31,421,3
1039,"2011-10-03 12:15:05","2011-10-03 12:15:05",0,0,"",NULL,NULL,"6.4311",NULL,"",1,1038,29,30,421,4
1040,"2011-10-03 12:15:05","2011-10-03 12:15:05",0,0,"",NULL,NULL,"6.4312",NULL,"",1,1038,27,28,421,4
1041,"2011-10-03 12:15:05","2011-10-03 12:15:05",0,0,"",NULL,NULL,"6.432",NULL,"",1,1037,22,25,421,3
1042,"2011-10-03 12:15:05","2011-10-03 12:15:05",0,0,"",NULL,NULL,"6.4321",NULL,"",1,1041,23,24,421,4
1043,"2011-10-03 12:15:05","2011-10-03 12:15:05",0,0,"",NULL,NULL,"6.44",NULL,"",1,1031,19,20,421,2
1044,"2011-10-03 12:15:05","2011-10-03 12:15:05",0,0,"",NULL,NULL,"6.45",NULL,"",1,1031,17,18,421,2
1045,"2011-10-03 12:15:05","2011-10-03 12:15:05",0,0,"",NULL,NULL,"6.5",NULL,"",1,947,2,15,421,1
1046,"2011-10-03 12:15:05","2011-10-03 12:15:05",0,0,"",NULL,NULL,"6.51",NULL,"",1,1045,13,14,421,2
1047,"2011-10-03 12:15:05","2011-10-03 12:15:05",0,0,"",NULL,NULL,"6.52",NULL,"",1,1045,7,12,421,2
1048,"2011-10-03 12:15:05","2011-10-03 12:15:06",0,0,"",NULL,NULL,"6.521",NULL,"",1,1047,10,11,421,3
1049,"2011-10-03 12:15:06","2011-10-03 12:15:06",0,0,"",NULL,NULL,"6.522",NULL,"",1,1047,8,9,421,3
1050,"2011-10-03 12:15:06","2011-10-03 12:15:06",0,0,"",NULL,NULL,"6.53",NULL,"",1,1045,5,6,421,2
1051,"2011-10-03 12:15:06","2011-10-03 12:15:06",0,0,"",NULL,NULL,"6.54",NULL,"",1,1045,3,4,421,2
1052,"2011-10-03 12:15:06","2011-10-03 12:15:06",0,0,"",NULL,NULL,"7",NULL,"",1,NULL,1,2,526,0
